{"cameraMode":{"drawMode":0,"name":"Shaded","section":"Shading Mode"},"sceneLighting":true,"audioPlay":false,"sceneViewState":{"m_AlwaysRefresh":false,"showFog":true,"showSkybox":true,"showFlares":true,"showImageEffects":true,"showParticleSystems":true,"showVisualEffectGraphs":true,"m_FxEnabled":true},"in2DMode":false,"pivot":{"x":632.0921020507813,"y":316.3101806640625,"z":21.59576416015625},"rotation":{"x":0.03330327570438385,"y":-0.004502438474446535,"z":0.00015101089957170188,"w":0.999439001083374},"size":325.2737121582031,"orthographic":false}