{"cameraMode":{"drawMode":0,"name":"Shaded","section":"Shading Mode"},"sceneLighting":true,"audioPlay":false,"sceneViewState":{"m_AlwaysRefresh":false,"showFog":true,"showSkybox":true,"showFlares":true,"showImageEffects":true,"showParticleSystems":true,"showVisualEffectGraphs":true,"m_FxEnabled":true},"in2DMode":false,"pivot":{"x":404.6472473144531,"y":487.426025390625,"z":-8.64837646484375},"rotation":{"x":0.03929941728711128,"y":0.0044912295415997509,"z":-0.0001764888729667291,"w":0.9992205500602722},"size":393.5413513183594,"orthographic":false}