{"cameraMode":{"drawMode":0,"name":"Shaded","section":"Shading Mode"},"sceneLighting":true,"audioPlay":false,"sceneViewState":{"m_AlwaysRefresh":false,"showFog":true,"showSkybox":true,"showFlares":true,"showImageEffects":true,"showParticleSystems":true,"showVisualEffectGraphs":true,"m_FxEnabled":true},"in2DMode":false,"pivot":{"x":651.7554321289063,"y":289.25469970703127,"z":-31.83111572265625},"rotation":{"x":0.022807642817497255,"y":-0.0030042107682675125,"z":0.0000693924812367186,"w":0.9997398853302002},"size":274.0295715332031,"orthographic":false}