{"cameraMode":{"drawMode":0,"name":"Shaded","section":"Shading Mode"},"sceneLighting":true,"audioPlay":false,"sceneViewState":{"m_AlwaysRefresh":false,"showFog":true,"showSkybox":true,"showFlares":true,"showImageEffects":true,"showParticleSystems":true,"showVisualEffectGraphs":true,"m_FxEnabled":true},"in2DMode":false,"pivot":{"x":619.6428833007813,"y":373.5572204589844,"z":17.214691162109376},"rotation":{"x":0.046792346984148028,"y":0.0044901007786393169,"z":-0.00020940265676472336,"w":0.9989006519317627},"size":296.2108459472656,"orthographic":false}