{"cameraMode":{"drawMode":0,"name":"Shaded","section":"Shading Mode"},"sceneLighting":true,"audioPlay":false,"sceneViewState":{"m_AlwaysRefresh":false,"showFog":true,"showSkybox":true,"showFlares":true,"showImageEffects":true,"showParticleSystems":true,"showVisualEffectGraphs":true,"m_FxEnabled":true},"in2DMode":false,"pivot":{"x":405.56134033203127,"y":337.5252685546875,"z":-15.2943115234375},"rotation":{"x":0.08122019469738007,"y":0.0029851621948182585,"z":-0.00024232896976172924,"w":0.9966977834701538},"size":339.0291748046875,"orthographic":false}