{"cameraMode":{"drawMode":0,"name":"Shaded","section":"Shading Mode"},"sceneLighting":true,"audioPlay":false,"sceneViewState":{"m_AlwaysRefresh":false,"showFog":true,"showSkybox":true,"showFlares":true,"showImageEffects":true,"showParticleSystems":true,"showVisualEffectGraphs":true,"m_FxEnabled":true},"in2DMode":false,"pivot":{"x":443.6199035644531,"y":275.82891845703127,"z":2.352386474609375},"rotation":{"x":0.0497891865670681,"y":0.002991013927385211,"z":-0.00014901657414156944,"w":0.9987586140632629},"size":454.08856201171877,"orthographic":false}