{"cameraMode":{"drawMode":0,"name":"Shaded","section":"Shading Mode"},"sceneLighting":true,"audioPlay":false,"sceneViewState":{"m_AlwaysRefresh":false,"showFog":true,"showSkybox":true,"showFlares":true,"showImageEffects":true,"showParticleSystems":true,"showVisualEffectGraphs":true,"m_FxEnabled":true},"in2DMode":false,"pivot":{"x":462.9127197265625,"y":311.26739501953127,"z":6.95001220703125},"rotation":{"x":0.08421006798744202,"y":-0.0000052795403462368998,"z":4.4824096789852776e-7,"w":0.996449887752533},"size":421.70294189453127,"orthographic":false}