{"cameraMode":{"drawMode":0,"name":"Shaded","section":"Shading Mode"},"sceneLighting":true,"audioPlay":false,"sceneViewState":{"m_AlwaysRefresh":false,"showFog":true,"showSkybox":true,"showFlares":true,"showImageEffects":true,"showParticleSystems":true,"showVisualEffectGraphs":true,"m_FxEnabled":true},"in2DMode":false,"pivot":{"x":664.1610107421875,"y":154.71949768066407,"z":16.1812744140625},"rotation":{"x":0.03929949551820755,"y":-0.0030026582535356285,"z":0.00011895380885107443,"w":0.9992274045944214},"size":849.440673828125,"orthographic":false}